ID,First Name,Last Name,Email,Phone,Address,Zip Code,Gender,Date of Birth,Product,Quantity,Cost
1,Jessica,English,ujohnson@example.com,(310)738-3222x87200,452 Weaver Flat,92552,Male,03/19/1965,Aspirin,2,5.0
2,Derek,Hernandez,paigefox@example.com,944.821.2099x3985,81168 Peterson Mill,57932,Male,11/29/1947,Ibuprofen,3,7.0
3,Renee,Scott,dennis98@example.org,203.783.9447,20374 Simon Drives,88356,Female,12/18/1935,Paracetamol,1,3.0
4,Andrea,Heath,allison01@example.net,(790)223-3037x664,1192 Christine Prairie Suite 246,46423,Female,04/07/1968,Amoxicillin,1,8.0
5,Natalie,Chang,andrewsalexandria@example.org,+1-750-603-5134x770,1191 Parker Grove,22540,Female,01/23/1951,Lipitor,2,15.0
16,Ryan,Morse,blairjohn@example.com,+1-642-550-1714,286 Jones Brooks,33684,Male,10/08/1971,Lansoprazole,1,7.0
17,Michael,Dennis,lbailey@example.com,+1-599-761-2346x06770,0448 Lutz Isle Suite 906,74603,Female,01/29/1990,Ranitidine,2,5.0
18,Robert,Lee,richard13@example.com,302-372-0864x93114,830 Sandra Ferry,49547,Female,09/06/1988,Warfarin,3,6.0
10,Robin,Davis,clarkcindy@example.com,001-641-533-5158x92672,29794 Thompson Junction,45732,Female,11/07/1943,Ciprofloxacin,3,6.0
11,Daniel,Williams,campbellkayla@example.com,+1-466-230-2855x5816,0681 Jennifer Radial Apt. 211,46004,Female,10/02/1979,Metformin,1,5.0
12,Hannah,Johnson,joannadaniels@example.org,(253)673-0529,22203 Stone Corners,36799,Female,06/19/1938,Amlodipine,2,10.0
13,Suzanne,Gordon,vargasjoyce@example.org,001-962-503-1459x37706,57930 Reed Freeway,75206,Female,01/31/1973,Omeprazole,1,4.0
14,Stacey,Bryan,martinewing@example.com,5627449077,5225 Nelson Ways Suite 284,89219,Female,02/28/1962,Atorvastatin,2,8.0
15,Amy,Thompson,john18@example.com,676-404-8746,9615 Mack Trace,73925,Female,07/31/1981,Levothyroxine,3,9.0
19,Richard,Hull,kgilmore@example.com,+1-703-396-2662x2454,680 Alisha Drive Apt. 938,87277,Male,09/03/1989,Gabapentin,1,8.0
20,Eileen,Palmer,asimpson@example.org,(346)535-2608x9824,67580 Watkins Walks Suite 397,03091,Male,06/05/1980,Duloxetine,2,9.0
21,Angela,Hall,jason54@example.net,001-338-742-3667,5534 Steven Well Apt. 696,44970,Female,10/03/1941,Pantoprazole,4,4.0
22,William,Brown,khanrachel@example.net,(828)315-2911,99566 Jacob Turnpike Apt. 445,71719,Male,10/19/1937,Sertraline,6,7.0
23,Robin,Pierce,nsmith@example.net,+1-926-515-1021x13820,91644 John Greens,54658,Female,09/18/1954,Metoprolol,1,8.0
24,Jonathan,Merritt,shawdavid@example.com,545.643.3517x44935,4072 Lee Via Suite 336,59548,Male,11/22/1970,Fluoxetine,2,5.0
25,Paul,Oliver,fburns@example.net,+1-946-790-3471,4079 Brittney Rapids,88680,Male,07/20/1951,Losartan,3,10.0
26,Joshua,Parker,jamessanchez@example.net,(826)307-4286x5768,308 Ortiz Roads Apt. 249,80733,Male,04/02/1941,Omeprazole,1,4.0
27,Katie,Kim,taylorbernard@example.com,465.380.5767x747,552 Amy Courts Suite 934,01339,Male,12/30/1999,Amlodipine,2,8.0
28,Philip,Stewart,julie81@example.com,001-583-420-4115x2201,839 Rubio Ranch Suite 038,07619,Male,01/25/1980,Levothyroxine,3,9.0
29,Elizabeth,Cooke,umartin@example.net,+1-881-523-2605x20116,97837 Carter Key Apt. 431,87780,Female,02/21/1939,Lisinopril,1,7.0
30,James,Lopez,michelle37@example.com,(258)591-9278,772 Turner Oval Apt. 109,12262,Male,12/02/1957,Ciprofloxacin,2,6.0
31,Louis,Liu,hahndenise@example.com,285.414.0608x965,25342 Joe Locks,37450,Female,03/20/1992,Paracetamol,1,3.0
32,Timothy,Craig,bakermelissa@example.net,2985799874,83272 Acosta Curve Suite 024,81170,Female,10/19/2000,Lipitor,2,15.0
9,Matthew,Short,shampton@example.org,(362)629-3929,1913 Kyle Mill,74778,Male,06/18/1950,Lisinopril,2,8.0
34,Heidi,Green,cliffordsullivan@example.net,(325)563-9871,68662 Janet Glens,50309,Male,12/28/1984,Ibuprofen,4,7.0
35,William,Mcdonald,margaret83@example.net,791-325-1019x2884,5927 Matthew Orchard,43440,Female,04/04/1985,Hydrochlorothiazide,5,10.0
36,Mark,Aguirre,donnasmith@example.net,001-913-514-2671x6966,6753 Nguyen Corner Apt. 557,46380,Male,08/20/1990,Simvastatin,6,9.0
37,Joshua,Barr,sgeorge@example.org,+1-901-216-1470x41044,710 Bryce Drive,44179,Female,12/21/1936,Ciprofloxacin,1,6.0
17,Yolanda,Reese,alyssasnow@example.net,215-437-2909,83874 Nancy Pike Apt. 162,28012,Female,09/22/1955,Ranitidine,2,
40,Amanda,Wiley,rthompson@example.com,219-714-7735x5234,02454 Peggy Views Suite 493,98561,Male,10/12/1969,Losartan,1,10.0
41,Jennifer,Acevedo,mary61@example.org,6905849054,2750 Michael Plain Apt. 179,75184,Male,02/06/1996,Duloxetine,2,9.0
42,Vincent,Browning,dkennedy@example.com,8386916579,370 Brittany Route Suite 101,71684,Male,01/17/1982,Pantoprazole,3,4.0
43,Daniel,Henderson,jodigriffin@example.net,+1-411-700-2941x458,364 Ball Pass Suite 948,67637,Female,01/18/1958,Amoxicillin,4,8.0
44,Kevin,Singh,fle@example.com,892-401-2156,531 Megan Squares Apt. 778,24176,Female,11/18/1958,Ibuprofen,5,7.0
45,Ryan,Cherry,keith69@example.net,446-418-8792x5885,17764 Steven Creek,81250,Female,05/28/1940,Aspirin,6,5.0
46,Lindsay,Chan,lopezrebecca@example.net,001-458-999-6030x4930,853 Dylan Overpass,49491,Female,03/23/1988,Paracetamol,1,3.0
47,James,Graham,maryavila@example.org,578-740-7102,620 Timothy Islands,87915,Male,08/07/1988,Lipitor,2,15.0
48,Travis,Sutton,hernandezcharlotte@example.org,(502)447-5264x98259,37088 Lopez Vista,13220,Male,06/22/1934,Losartan,3,10.0
49,Candace,Bauer,lauren79@example.org,451-574-9994,84165 Alyssa Park,69003,Female,05/08/2004,Hydrochlorothiazide,1,7.0
50,Robert,Johnson,lauren21@example.org,(593)768-5494,98892 Lewis Throughway Apt. 310,79225,Male,02/28/1938,Simvastatin,2,9.0
